token	24	25	4f	5c	73	8a	c1	d7	e2	e3
00	f5bb1	8b719	ac633	d885f	3c400	1ecf6	2d83f	fece0	6176d	2e206
01	0cacd	8dc6e	a2d4a	b2048	fbcf1	8b745	57bd1	59d40	76b8e	80570
02	d5921	76c10	d44f4	f4eae	fd193	9c082	12dce	eaa13	76a9c	7ee36
03	03e28	ca710	7add5	9e6f2	4dd82	c9645	79410	2bd52	71f2a	58350
04	10ec0	030ca	a34a4	88da3	4ec5c	179fa	1ddd3	7386b	5c887	23d96
05	be994	5c024	719cb	f0c18	fe1d8	3de9c	40f76	65fcf	29666	620d8
06	3d195	572e1	273a4	6c5ae	d3253	13156	a1d8c	05000	7219b	379db
07	e4b1e	3f8e4	8a0d1	a9063	04d31	5bf31	cb934	1c8d9	3bc07	b858d
08	b8563	0b8c5	9b33f	b9c69	b047b	8863f	a4981	c8c94	65688	1ba1d
09	085c5	8a620	abc36	9d9e1	1a887	215a7	b1fa7	a7372	aebef	f19be
10	b4f7d	8d88b	844cb	a106b	d59f5	2e90b	16d71	b8aed	9a78c	5513c
11	51715	9fbda	dfc17	c78f5	ab0f4	934c3	016ef	5e208	016c0	19bd6
12	c952f	e2d24	5fd03	17516	6fb54	e1032	2152e	fde16	2bb78	f733a
13	711b4	60869	23385	f8770	e8174	2d6f6	a9ed4	8d2c7	72da1	c1e30
14	e8105	e0d60	a07f5	15bac	40204	10f87	d61e1	21089	fb937	4f4ac
15	ebc14	69296	a49b7	34740	9ce6b	afd7b	d9931	b2f00	c3de5	57bd3
16	61a6a	9644a	c4332	bc1d0	5b0ab	0a574	7d073	04ce1	4438e	f524a
17	7554a	df365	dbfe5	05089	06223	a7a06	73ddb	4d991	3a9c3	ff15d
18	7f4f3	e7661	a8160	d9f8d	476b6	d9cf0	06154	cad7b	d8bc4	d62ef
19	b4dca	b7098	798d4	91d5d	63577	57fb8	9396a	1a2be	819a7	1de49
20	91c00	d0edf	cb7e3	64fe2	13afd	3bd39	93d7c	9d22e	e8fef	702a2
21	42cd7	d340e	cdb03	ade81	71ac8	ffa26	97526	39c9c	6375c	125c5
22	4679a	3090f	a05fa	d1b23	3d597	d0a77	70ff7	84627	25e19	61002
23	7dc31	de4d5	c1f3a	50e20	1a098	60b30	88656	fb354	6a9fe	c0abf
24	248dd	86dce	40620	381f1	21787	51624	54ce4	efa1e	38067	ab670
25	a78c5	424ba	2fa1c	e025c	818ca	e8d12	51af1	b7472	72afb	cbb4b
26	88ef1	013cf	59c93	9e30a	8cca6	ba721	7e350	36be1	f55d7	c71b4
27	08f7b	a628e	12d36	de769	cd40e	2450d	769b6	ae349	ce7eb	24b75
28	80f62	63bdf	e1d36	56279	e0e8e	db0d0	9e933	b0123	4131c	6c2c8
29	5ca36	cdd37	32b78	937cf	b4c4c	e5de6	d919c	11782	ce19e	1d4ac
30	1504e	24117	a1760	70e63	10202	d288e	bd7dd	58f52	db6fd	a422f
31	fa820	de364	7d924	b1a47	d1218	1bdca	c7c6f	17929	5bb96	325db
32	2fc22	2aef1	7abcf	298f9	6354b	edae5	ef2a7	50d75	d7eae	b4bc1
33	ed0a8	4e4b3	08fbf	72c56	f2584	9d149	449a7	cd263	652c7	fc391
34	8a936	cde07	9526f	0347c	5717b	02c0a	c6230	7a61d	91340	33f0a
35	e24d8	14bf3	95cd4	95859	7abc2	f16bf	662ec	66ddd	37898	059df
36	2e9ab	a1920	fe2a0	86816	730c0	4570d	5bb01	a6107	89684	4da26
37	e39a1	42b81	8cd30	27a3c	11339	7329e	417f7	e935e	1ba7f	ae6db
38	5721d	b109f	99135	15e9c	88f4d	3a17f	1764d	d8c56	f3f00	2bd7d
39	e2cbb	2172c	dc351	3cf0a	c1c83	25d0e	84fbb	0e78a	4c6b3	022e7
40	13f90	106cd	1aa5d	ee055	85354	4a556	bfde9	638a4	848a9	4e139
41	29a5f	e4e7f	ec369	9a344	69159	83683	44f71	c17ea	40473	3bbcd
42	3d345	a01f5	4b5cf	eff9a	406cd	8b252	42aae	b6e63	ec64e	e0aee
43	6e110	e9eef	f9d5d	47194	e11f2	19d19	fbcd9	6f7a6	c45c6	e55e8
44	dfb97	82a0d	99974	eeb6b	42712	ac312	cb665	26915	b6ba3	27dd3
45	0a153	34214	627a5	50545	553ec	cb749	39400	0a128	3128d	78a12
46	f9e5d	8b6bf	8d2df	8ba8d	35994	5da68	b1920	1b539	a172d	956e1
47	f9e14	1d272	f75d1	f28da	76161	a21d0	8694e	d685e	ab219	95dbe
48	39e60	61ff6	ea387	3bf92	02858	f9377	31692	275d9	4b6fd	260ac
49	9379b	5f39e	6a18b	0a7b7	8720c	010bc	fbace	03a56	0fa2f	5212a
50	dc00b	5d99e	afb84	af69f	554ac	7e931	90589	31df9	3c139	3d7e6
51	2fd18	064c0	4d310	d5ef2	a4466	e7b8a	50e14	120a9	749d4	f64d9
52	0cf1b	8d2bc	141b8	06196	3c6dd	36433	713c4	7e753	df0b6	a8627
53	958c8	f810d	a9a02	58d51	b571d	a2f6a	f4b98	e0686	bea84	6edcc
54	c273a	83b04	52a12	a8949	021d9	f3d71	85f9f	88567	3c52e	ef3bc
55	1cc04	cc995	f0d5b	d52b4	440b5	51f61	5e114	e670d	ee934	4ca15
56	97e92	038eb	33fbc	4b58f	c12f1	c48fd	8fc4a	a0cbc	c37c4	a0b4f
57	01640	17318	3da80	b4717	f37bf	2a0fd	dcc52	16a56	40e08	af45f
58	abbe9	7467d	abe36	c90d4	4c2c1	c0e76	194ec	7f284	08edc	243e3
59	0df0c	ade40	4951a	03c3b	ce329	76e33	25bda	933ed	6585f	64528
60	223c3	a2f18	23ce9	c99a0	9314c	75c6f	d148a	d3269	80d9f	b3874
61	82454	dc6b2	99cba	ac18d	11bed	bf014	4b941	fdae4	12c09	17299
62	bfc5b	4387e	bbc74	14534	0396e	fc1d9	87d47	57b52	18415	0902f
63	b70f9	609c0	1e6e0	89211	028cb	3231f	76197	361bf	01662	7dfbe
64	f9961	73c0e	ac065	f6239	99f67	ed880	7ff35	70b01	c04c7	fdb45
65	c521e	18b52	8ec9f	f8fcf	e51d6	233af	74ccb	3eba7	96d42	0f599
66	99c63	fe16a	0208c	37735	9c82c	6c018	4c001	1e5df	829ec	45b3a
67	951a6	ec794	2f338	3d933	2e890	2d88c	2db8f	d7a7f	0b38d	bb1dc
68	bcc3a	1a3b2	ac8ba	e67b7	fba62	3c57a	140fb	b2d25	b3542	da7dc
69	63f1a	cd7b6	54374	37d02	49e92	ba3fe	24462	12ecf	223a5	71a1c
70	eb6a1	50cd9	958fe	532ca	6642c	8e890	0d875	81940	a2d2f	4e293
71	9207d	8b43d	b2c12	984c7	05d5a	0ab54	64fad	f5847	512a5	a30d4
72	873f7	b5e17	a68b9	7cd95	4747a	77adf	16de0	d862a	f56c4	abce2
73	c46e7	e5266	646b4	98718	7809d	551bd	46572	bdddd	dedef	ed401
74	13f16	1b5b7	78ca3	ebb28	efcd5	77ecc	cdf8e	6b4eb	90b41	715f7
75	32fa9	a7a37	251ed	2bc36	db166	010bf	03eaf	9434c	9702c	261ed
76	e14b8	44633	4383e	daed6	cbd7a	ae4c5	2a178	266d8	094af	2f5c4
77	5e9bf	15f60	6912a	d9617	8ccfc	1b0f9	9a165	5c3c3	187a7	f82be
78	94556	4535b	8c71a	3c3c2	835ea	07ee0	35fdc	58ca3	8ba41	b01bf
79	dc4a6	246f3	d74fa	c5dc1	bfbd9	33073	c6603	132fd	6f037	3294f
80	b445e	c3990	9dbff	6d118	1b594	d02d5	7a77f	8de7f	5b295	02613
81	fddad	fc35c	4cc23	c72ff	b72fd	2a658	39bbe	9db36	84b9d	210b7
82	bac35	d1ea6	abb18	0fd6f	5f2c7	34ff6	25903	5132c	6a1f7	e7edb
83	f7a83	d5c3e	f6ff7	af010	63eee	fa2ec	72992	11dcd	60258	73465
84	66ae6	939c2	ff64d	892d6	b5031	a25c3	fdbae	0a886	c14f4	d7451
85	274f2	de745	7e83a	89771	afce2	8132b	057f9	dd9f7	79368	08837
86	07e96	d88f2	adc58	ad6de	b764e	787bf	628fd	1cba8	cf2e3	8970f
87	0869d	eae0a	a1fed	f0eb9	fa40c	2ff7a	e01b5	d9a3d	faa8c	ff593
88	91104	61f7b	a5b77	73049	d5e66	16c50	71aff	750b0	4decb	87d3f
89	b1963	e7e11	9b896	a9e1f	083ca	5dc60	1d194	fcb31	10afb	6e479
90	f366a	210f0	21b16	6d2b9	d95f2	2524c	c47e0	68e26	213fa	c2a3d
91	1567d	60b96	5989d	a40a2	287b2	10b2d	dc13c	c49a3	4bed2	ba6dd
92	9283d	d90c2	927a6	533d8	aee07	633fb	c96d0	da74e	09b38	0f2a3
93	34cb6	cd824	2c532	d4c51	d3515	ceecf	f4985	23014	171ee	92013
94	2947d	f6b28	83ade	7946c	8be60	dfdea	2a1a2	6fb9e	43514	338f3
95	36427	b762e	d44b6	9c197	e4c19	c88b1	e37da	95370	b1e6e	ab57f
96	7135a	94f0b	24c5d	fc8b8	d8f08	df3e2	ec6fe	5f0d4	952c1	f051d
97	a13c3	16e7b	68ff9	f79ab	44ca8	013fc	a1997	08c5f	922cf	f873c
98	aa769	50e3f	f1b63	66dfc	e3f1a	b8314	809a8	fd77a	9cd28	62178
99	1eebb	2b74c	fc4d1	35a5c	2534e	05fa3	f9887	270e8	64acf	e2254
